{"playback_type": "basic", "segment_info": [["BigBuckBunny_2s_init.mp4", 89283, 879, 0.015598058700561523, false], ["BigBuckBunny_2s1.m4s", 262537.0, 72386, 0.6438720226287842, false], ["BigBuckBunny_2s2.m4s", 791182.0, 146125, 1.3383240699768066, false], ["BigBuckBunny_2s3.m4s", 262537.0, 72504, 0.05679202079772949, true], ["BigBuckBunny_2s4.m4s", 791182.0, 213115, 1.9124679565429688, true], ["BigBuckBunny_2s5.m4s", 2484135.0, 726602, 0.4929790496826172, true], ["BigBuckBunny_2s6.m4s", 791182.0, 218343, 2.012895107269287, false], ["BigBuckBunny_2s7.m4s", 2484135.0, 655778, 5.874069929122925, false], ["BigBuckBunny_2s8.m4s", 791182.0, 227449, 2.156670093536377, false], ["BigBuckBunny_2s9.m4s", 2484135.0, 531376, 4.786686897277832, false], ["BigBuckBunny_2s10.m4s", 791182.0, 179563, 1.7462880611419678, false], ["BigBuckBunny_2s11.m4s", 262537.0, 59300, 0.5985507965087891, false], ["BigBuckBunny_2s12.m4s", 791182.0, 160138, 1.5013959407806396, false], ["BigBuckBunny_2s13.m4s", 262537.0, 69524, 0.07269787788391113, true], ["BigBuckBunny_2s14.m4s", 791182.0, 212222, 2.0291390419006348, false], ["BigBuckBunny_2s15.m4s", 262537.0, 72625, 0.8002049922943115, false], ["BigBuckBunny_2s16.m4s", 791182.0, 225152, 8.007475852966309, false], ["BigBuckBunny_2s17.m4s", 262537.0, 68969, 0.7107219696044922, false], ["BigBuckBunny_2s18.m4s", 791182.0, 198378, 1.9040920734405518, false], ["BigBuckBunny_2s19.m4s", 262537.0, 72594, 0.7406940460205078, false]], "playback_info": {"start_time": 1648276625.351907, "down_shifts": 9, "end_time": null, "initial_buffering_duration": 0.0217440128326416, "interruptions": {"count": 2, "events": [[1648276643.409854, 1648276644.686456], [1648276658.634803, 1648276659.471479]], "total_duration": 2.1132779121398926}, "up_shifts": 10}, "video_metadata": {"playback_duration": 298.46, "available_bitrates": [89283, 262537, 791182, 2484135, 4219897], "mpd_file": "BigBuckBunny_2s_mod1.mpd"}}